seed,solver,policy,z,reserve,plan_cost,real_cost,postponements,unserved_end,duties,truth_late,truth_illegal,mc_duties,mc_late,mc_illegal,mc_either,mc_late_stops,mc_stops,mc_mean_overrun_min
1,milp,v0,0,0,4356.3,4401.07,1,0,17,8,4,3400,1244,624,1499,1527,17800,25.7729
1,milp,learned z=0.50,0.5,0,6011.93,6013.52,4,1,17,1,1,3400,318,333,558,373,17600,-2.33824
1,milp,learned z=0.50 +R15,0.5,15,7427.29,7455.06,7,2,19,0,1,3800,107,56,151,109,17400,-3.63816
1,baseline,v0,0,0,6869.46,6931.54,6,1,20,7,5,4000,1297,688,1535,1388,17600,22.0293
1,baseline,learned z=0.50,0.5,0,10852.4,10861.5,16,4,19,0,3,3800,416,329,627,462,17000,-1.99342
1,baseline,learned z=0.50 +R15,0.5,15,13197.2,13180.7,18,6,19,1,1,3800,129,64,171,138,16600,-2.59105
2,milp,v0,0,0,3491.16,3571.6,0,0,17,3,3,3400,545,894,1037,668,17600,26.4729
2,milp,learned z=0.50,0.5,0,3732.59,3732.34,1,0,17,2,4,3400,370,142,451,404,17600,-3.24088
2,milp,learned z=0.50 +R15,0.5,15,5039.72,5058.53,3,1,18,1,2,3600,171,76,228,186,17400,-3.88167
2,baseline,v0,0,0,4979.23,4983.19,6,0,19,2,3,3800,547,549,881,671,17600,23.6842
2,baseline,learned z=0.50,0.5,0,8172.53,8167.08,10,3,19,3,3,3800,350,318,515,381,17000,-1.48632
2,baseline,learned z=0.50 +R15,0.5,15,9656.59,9647.32,16,3,19,0,0,3800,97,125,186,105,17000,-1.33868
3,milp,v0,0,0,3771,3804.26,1,0,20,6,5,4000,1175,873,1498,1365,18800,26.5448
3,milp,learned z=0.50,0.5,0,6337.05,6316.88,6,2,20,1,2,4000,395,209,541,484,18400,-1.03975
3,milp,learned z=0.50 +R15,0.5,15,6874.29,6851.09,5,3,20,0,1,4000,144,112,218,161,18200,-2.01975
3,baseline,v0,0,0,5182.06,5193.44,4,1,20,5,3,4000,1109,524,1329,1273,18600,26.398
3,baseline,learned z=0.50,0.5,0,9582.28,9563.81,10,5,20,2,0,4000,324,121,425,356,17800,-0.824
3,baseline,learned z=0.50 +R15,0.5,15,10046.2,10033.7,13,5,20,1,0,4000,125,73,178,131,17800,-0.63375
4,milp,v0,0,0,4105.11,4124.99,0,0,17,7,6,3400,1006,1078,1481,1094,16800,22.8188
4,milp,learned z=0.50,0.5,0,5039.86,5039.3,1,1,17,2,0,3400,403,221,543,424,16600,-1.46588
4,milp,learned z=0.50 +R15,0.5,15,5380.89,5380.26,3,1,17,0,0,3400,112,109,170,125,16600,-1.67941
4,baseline,v0,0,0,7804.49,7816.61,9,2,20,5,3,4000,894,370,1023,1063,16400,19.1253
4,baseline,learned z=0.50,0.5,0,9614.68,9609.5,14,3,20,3,0,4000,225,85,261,246,16200,-2.572
4,baseline,learned z=0.50 +R15,0.5,15,10363.1,10358.2,13,4,20,1,0,4000,105,65,149,115,16000,-2.36575
5,milp,v0,0,0,5995.86,6009.51,6,1,20,5,1,4000,1246,583,1497,1512,18400,25.9383
5,milp,learned z=0.50,0.5,0,7719.68,7703.08,10,2,20,1,0,4000,323,272,516,358,18200,-2.02725
5,milp,learned z=0.50 +R15,0.5,15,8418.56,8420.9,10,3,19,0,0,3800,154,165,269,162,18000,-1.62237
5,baseline,v0,0,0,10640.1,10678.7,16,4,20,3,5,4000,687,652,1014,806,17800,25.6968
5,baseline,learned z=0.50,0.5,0,11657,11649.6,20,4,20,2,0,4000,471,197,605,513,17800,-2.8355
5,baseline,learned z=0.50 +R15,0.5,15,14851.1,14847.7,21,8,19,0,1,3800,191,143,291,237,17000,-1.32158
