seed,solver,policy,z,plan_cost,real_cost,postponements,unserved_end,duties,truth_late,truth_illegal,mc_duties,mc_late,mc_illegal,mc_either,mc_late_stops,mc_stops,mc_mean_overrun_min
1,alns,v0,0,4216.16,4268.35,1,0,17,8,6,3400,1355,847,1711,1826,17800,25.9618
1,alns,learned z=0.00,0,4701.04,4743.29,2,0,17,3,5,3400,831,650,1224,985,17800,11.2453
1,alns,learned z=0.50,0.5,4587.22,4638.96,1,0,18,1,0,3600,439,252,619,533,17800,-3.10167
1,alns,learned z=1.00,1,7267.8,7272.07,8,2,17,1,0,3400,284,105,368,324,17400,-12.1226
1,alns,learned z=1.50,1.5,9278.07,9275.41,9,4,18,0,0,3600,162,38,196,174,17000,-21.1106
1,alns,learned z=2.00,2,10432.5,10341,13,4,19,0,0,3800,65,38,102,67,17000,-28.7284
2,alns,v0,0,3488.91,3565.66,0,0,17,3,5,3400,543,1183,1293,661,17600,26.4653
2,alns,learned z=0.00,0,3577.42,3589.97,0,0,18,4,3,3600,552,342,701,675,17600,10.03
2,alns,learned z=0.50,0.5,3677.75,3660.69,0,0,18,3,2,3600,428,165,490,496,17600,-2.6675
2,alns,learned z=1.00,1,3717.55,3714.7,0,0,18,3,2,3600,252,169,355,279,17600,-11.9181
2,alns,learned z=1.50,1.5,3969.05,3964.61,0,0,19,0,1,3800,93,76,160,96,17600,-20.5639
2,alns,learned z=2.00,2,8019.19,7966.08,9,3,19,0,0,3800,48,24,70,48,17000,-28.1639
3,alns,v0,0,3680.81,3726.36,0,0,20,6,3,4000,1461,498,1584,1801,18800,26.6713
3,alns,learned z=0.00,0,3950.18,3945.85,1,0,20,2,1,4000,842,438,1119,1035,18800,12.7963
3,alns,learned z=0.50,0.5,5999.86,5986.64,4,2,20,1,2,4000,333,240,462,411,18400,-1.543
3,alns,learned z=1.00,1,7936.68,7910.08,6,4,19,1,0,3800,238,110,325,259,18000,-13.3
3,alns,learned z=1.50,1.5,12464.7,12411.9,14,8,19,1,0,3800,98,118,197,108,17200,-21.5158
3,alns,learned z=2.00,2,12439.9,12392.1,15,8,19,1,0,3800,51,58,101,53,17200,-32.665
4,alns,v0,0,5273.82,5281.44,3,1,17,8,3,3400,1032,686,1188,1194,16600,22.8941
4,alns,learned z=0.00,0,4118.07,4119.67,0,0,17,5,2,3400,784,473,972,893,16800,10.5315
4,alns,learned z=0.50,0.5,4958.49,4959.13,1,1,17,2,0,3400,378,230,512,400,16600,-1.47647
4,alns,learned z=1.00,1,5618.06,5595.55,3,1,17,3,0,3400,337,40,358,359,16600,-10.7153
4,alns,learned z=1.50,1.5,5441.67,5422.05,2,1,18,0,1,3600,133,68,188,146,16600,-19.4819
4,alns,learned z=2.00,2,7096.1,7054.26,6,2,18,0,0,3600,60,40,97,63,16400,-28.1972
5,alns,v0,0,5975.69,6001.65,6,1,20,5,1,4000,1226,357,1378,1487,18400,26.0005
5,alns,learned z=0.00,0,7591.86,7599.53,7,3,19,4,2,3800,582,529,919,735,18000,12.315
5,alns,learned z=0.50,0.5,7713.32,7710.1,8,3,19,1,1,3800,350,154,419,402,18000,-2.33474
5,alns,learned z=1.00,1,7979.84,7940.08,9,3,19,2,1,3800,218,183,382,218,18000,-13.1311
5,alns,learned z=1.50,1.5,9147.48,9105.77,11,4,19,0,0,3800,70,63,127,72,17800,-23.63
5,alns,learned z=2.00,2,10788.5,10742.5,15,5,19,0,1,3800,70,48,115,78,17600,-33.5584
