seed,weight,cost,gini,spread_h,overtime_min,postponements,unserved_end,km,checker_ok
1,0,4216.16,0.149069,16.4833,106,1,0,2446.29,1
1,0.02,4225.24,0.0943525,10.4,118,1,0,2448.98,1
1,0.05,4188.24,0.0603796,6.86667,0,1,0,2455.29,1
1,0.1,4200,0.0243557,2.86667,0,0,0,2586.92,1
1,0.2,4129.84,0.035344,4.23333,0,0,0,2542.72,1
1,0.5,4259.35,0.00887738,1.2,0,0,0,2622.29,1
1,1,4243.13,0.0015554,0.216667,0,0,0,2612.34,1
2,0,3488.91,0.182393,17.7833,105,0,0,2120.29,1
2,0.02,3530.15,0.137151,13.65,79,0,0,2152.22,1
2,0.05,3530.15,0.137151,13.65,79,0,0,2152.22,1
2,0.1,3530.25,0.05548,6.11667,0,0,0,2171.53,1
2,0.2,3555.29,0.0478863,5.33333,0,0,0,2186.63,1
2,0.5,3686.83,0.00196823,0.233333,0,0,0,2266.97,1
2,1,3744.73,0.00256151,0.316667,0,0,0,2303.74,1
3,0,3680.81,0.0933077,10.9333,0,0,0,2262.32,1
3,0.02,3691.83,0.062548,7.46667,0,0,0,2268.72,1
3,0.05,3692.36,0.0502255,6.03333,0,0,0,2268.92,1
3,0.1,3690.74,0.0427298,5.23333,0,0,0,2267.23,1
3,0.2,3703.84,0.0374757,4.66667,0,0,0,2274.87,1
3,0.5,3738.53,0.020495,2.65,0,0,0,2296.25,1
3,1,3790.32,0.020941,2.63333,0,0,0,2329.54,1
4,0,5273.82,0.105722,11.1167,0,3,1,2386.4,1
4,0.02,4115.32,0.180517,19.3333,25,0,0,2529.89,1
4,0.05,4105.59,0.162093,17.8667,0,0,0,2529.79,1
4,0.1,4105.83,0.153339,17.0667,0,0,0,2529.67,1
4,0.2,4131.79,0.164678,17.6,25,0,0,2540.24,1
4,0.5,4294.66,0.0181628,2.31667,0,1,0,2522.93,1
4,1,4292.15,0.0259414,3.26667,0,1,0,2521.76,1
5,0,5975.69,0.0700701,8.16667,132,6,1,2412.85,1
5,0.02,5007.95,0.0556034,6.45,139,5,0,2431.35,1
5,0.05,4891.27,0.0411906,4.86667,124,5,0,2361.73,1
5,0.1,5017.06,0.0349631,4.18333,131,5,0,2438.18,1
5,0.2,4892.68,0.0185147,2.25,66,5,0,2376.63,1
5,0.5,4927.01,0.0158764,1.88333,140,5,0,2379.85,1
5,1,5999.33,0.020709,2.51667,141,6,1,2424.07,1
