seed,policy,cost,clairvoyant_cost,myopic_cost,recovery,overtime_min,postponements,unserved_end,gini,km,fallback_days,runtime_s,checker_ok
1,myopic,2790.67,2633.21,2790.67,0,0,1,0,0,1602.03,0,0,1
1,clairvoyant,2633.21,2633.21,2790.67,1,0,1,0,0,1504.54,0,40.932,1
1,LA2,2633.73,2633.21,2790.67,0.996698,0,1,0,0,1504.54,0,1.38,1
1,LA3,2633.73,2633.21,2790.67,0.996698,0,1,0,0,1504.54,0,4.776,1
1,R1,2790.67,2633.21,2790.67,0,0,1,0,0,1602.03,0,0,1
1,LA2+R,2633.73,2633.21,2790.67,0.996698,0,1,0,0,1504.54,0,1.408,1
2,myopic,4216.55,2299.53,4216.55,0,40,3,2,0,1235.44,0,0,1
2,clairvoyant,2299.53,2299.53,4216.55,1,48,2,0,0,1160.67,0,76.852,1
2,LA2,2419.26,2299.53,4216.55,0.937544,113,1,0,0,1342.67,0,2.169,1
2,LA3,2419.26,2299.53,4216.55,0.937544,113,1,0,0,1342.67,0,8.086,1
2,R1,2492.95,2299.53,4216.55,0.899105,46,3,0,0,1156.66,0,0.357,1
2,LA2+R,2419.26,2299.53,4216.55,0.937544,113,1,0,0,1342.67,0,2.118,1
3,myopic,1947.51,1947.46,1947.51,0,0,0,0,0,1202.51,0,0,1
3,clairvoyant,1947.46,1947.46,1947.51,1,0,0,0,0,1202.51,0,8.639,1
3,LA2,1947.51,1947.46,1947.51,0,0,0,0,0,1202.51,0,1.761,1
3,LA3,1947.51,1947.46,1947.51,0,0,0,0,0,1202.51,0,6.038,1
3,R1,1947.51,1947.46,1947.51,0,0,0,0,0,1202.51,0,0,1
3,LA2+R,1947.51,1947.46,1947.51,0,0,0,0,0,1202.51,0,1.822,1
4,myopic,1799.25,1799.06,1799.25,0,0,0,0,0,1110.99,0,0,1
4,clairvoyant,1799.06,1799.06,1799.25,1,0,0,0,0,1110.99,0,25.227,1
4,LA2,1799.11,1799.06,1799.25,0.736842,0,0,0,0,1110.99,0,1.306,1
4,LA3,1799.11,1799.06,1799.25,0.736842,0,0,0,0,1110.99,0,3.263,1
4,R1,1799.25,1799.06,1799.25,0,0,0,0,0,1110.99,0,0,1
4,LA2+R,1799.11,1799.06,1799.25,0.736842,0,0,0,0,1110.99,0,1.297,1
5,myopic,2419.34,2257.06,2419.34,0,142,0,0,0,1460.03,0,0,1
5,clairvoyant,2257.06,2257.06,2419.34,1,31,0,0,0,1386.52,0,152.033,1
5,LA2,2312.07,2257.06,2419.34,0.66101,37,1,0,0,1295.39,0,2.686,1
5,LA3,2298.35,2257.06,2419.34,0.745552,137,0,0,0,1386.19,0,22.334,1
5,R1,2419.34,2257.06,2419.34,0,142,0,0,0,1460.03,0,0.324,1
5,LA2+R,2312.07,2257.06,2419.34,0.66101,37,1,0,0,1295.39,0,10.159,1
