n,K,seed,T,baseline,alns,hybrid,milp,milp_bound,milp_status,milp_source,best,alns_iterations,pool_columns,pool_gain,legal,alns_at_0.1,alns_at_0.5,alns_at_1,alns_at_2,alns_at_5,alns_at_10,alns_at_15,alns_at_30,alns_at_45
8,2,1,5,910.851,693.129,693.129,693.129000,686.443000,OPTIMAL,v0,693.129,991366,248,0,1,693.129200,693.129200,693.129200,693.129200,693.129200,,,,
8,2,2,5,613.86,611.207,611.207,611.207000,611.207000,OPTIMAL,v0,611.207,1037261,13,0,1,611.206800,611.206800,611.206800,611.206800,611.206800,,,,
8,2,3,5,702.195,535.637,535.637,535.637000,535.637000,OPTIMAL,v0,535.637,1054013,152,0,1,535.637200,535.637200,535.637200,535.637200,535.637200,,,,
8,2,4,5,440.373,440.373,440.373,440.373000,435.995000,OPTIMAL,v0,440.373,994111,176,0,1,440.373200,440.373200,440.373200,440.373200,440.373200,,,,
8,2,5,5,416.523,416.523,416.523,416.523000,412.368000,OPTIMAL,v0,416.523,808197,45,0,1,416.523200,416.523200,416.523200,416.523200,416.523200,,,,
10,2,1,5,1858.43,1762.32,1762.32,1762.320000,1762.320000,OPTIMAL,v0,1762.32,838816,42,0,1,1762.316400,1762.316400,1762.316400,1762.316400,1762.316400,,,,
10,2,2,5,626.882,626.882,626.882,626.882000,626.882000,OPTIMAL,v0,626.882,789546,36,0,1,626.882000,626.882000,626.882000,626.882000,626.882000,,,,
10,2,3,5,2413.42,2413.42,2413.42,2413.420000,2391.070000,OPTIMAL,v0,2413.42,836135,283,0,1,2413.420800,2413.420800,2413.420800,2413.420800,2413.420800,,,,
10,2,4,5,2452.7,1559.28,1559.28,1559.710000,1544.940000,OPTIMAL,v0,1559.28,838927,204,0,1,1559.282400,1559.282400,1559.282400,1559.282400,1559.282400,,,,
10,2,5,5,545.232,533.808,533.808,533.808000,533.808000,OPTIMAL,v0,533.808,777388,187,0,1,533.807600,533.807600,533.807600,533.807600,533.807600,,,,
12,3,1,5,1914.78,858.968,858.968,858.968000,858.968000,OPTIMAL,v0,858.968,642192,211,0,1,858.968000,858.968000,858.968000,858.968000,858.968000,,,,
12,3,2,5,2746.21,866.485,866.485,866.485000,866.485000,OPTIMAL,v0,866.485,626164,99,0,1,866.484800,866.484800,866.484800,866.484800,866.484800,,,,
12,3,3,5,626.373,626.373,626.373,626.373000,622.294000,OPTIMAL,v0,626.373,680771,568,0,1,626.372800,626.372800,626.372800,626.372800,626.372800,,,,
12,3,4,5,606.666,606.666,606.666,606.666000,606.666000,OPTIMAL,v0,606.666,538686,1005,0,1,606.665600,606.665600,606.665600,606.665600,606.665600,,,,
12,3,5,5,538.306,521.025,521.025,522.512000,517.290000,OPTIMAL,v0,521.025,580996,269,0,1,521.024800,521.024800,521.024800,521.024800,521.024800,,,,
15,3,1,15,3784.57,1956.33,1956.33,1956.330000,1398.440000,TIME_LIMIT,v0,1956.33,1068402,1206,0,1,1956.325200,1956.325200,1956.325200,1956.325200,1956.325200,1956.325200,1956.325200,,
15,3,2,15,1784.08,875.076,875.076,875.076000,872.086000,OPTIMAL,v0,875.076,1098199,1149,0,1,875.075600,875.075600,875.075600,875.075600,875.075600,875.075600,875.075600,,
15,3,3,15,1721.42,613.748,613.748,613.748000,609.847000,OPTIMAL,v0,613.748,1113149,2354,0,1,613.748400,613.748400,613.748400,613.748400,613.748400,613.748400,613.748400,,
15,3,4,15,647.332,644.412,644.412,646.282000,640.524000,OPTIMAL,v0,644.412,1143503,1345,0,1,644.412000,644.412000,644.412000,644.412000,644.412000,644.412000,644.412000,,
15,3,5,15,573.366,564.829,564.829,565.429000,562.183000,OPTIMAL,v0,564.829,995011,2652,0,1,564.828800,564.828800,564.828800,564.828800,564.828800,564.828800,564.828800,,
20,4,1,15,3258.37,1031.69,1031.69,1033.170000,875.810000,TIME_LIMIT,v0,1031.69,640032,13160,0,1,1031.693600,1031.693600,1031.693600,1031.693600,1031.693600,1031.693600,1031.693600,,
20,4,2,15,3783.78,1934.4,1934.4,1935.820000,1922.960000,OPTIMAL,v0,1934.4,682453,9167,0,1,1934.404000,1934.404000,1934.404000,1934.404000,1934.404000,1934.404000,1934.404000,,
20,4,3,15,1727.38,1722.63,1722.63,1722.630000,1706.050000,OPTIMAL,v0,1722.63,660908,6908,0,1,1722.625600,1722.625600,1722.625600,1722.625600,1722.625600,1722.625600,1722.625600,,
20,4,4,15,2022.4,845.745,845.745,845.745000,837.490000,OPTIMAL,v0,845.745,630857,4973,0,1,846.605200,845.745200,845.745200,845.745200,845.745200,845.745200,845.745200,,
20,4,5,15,2711.23,922.582,922.582,922.582000,913.387000,OPTIMAL,v0,922.582,668065,8704,0,1,922.581600,922.581600,922.581600,922.581600,922.581600,922.581600,922.581600,,
25,5,1,45,3292.37,1448.29,1448.29,1448.750000,1155.040000,TIME_LIMIT,v0,1448.29,1516818,17363,-0.4616,1,1448.754800,1448.754800,1448.754800,1448.754800,1448.754800,1448.754800,1448.754800,1448.293200,1448.293200
25,5,2,45,3342.46,824.61,824.61,829.730000,738.543000,TIME_LIMIT,v0,824.61,1158174,50000,0,1,824.679200,824.610000,824.610000,824.610000,824.610000,824.610000,824.610000,824.610000,824.610000
25,5,3,45,975.171,820.278,820.278,820.278000,779.989000,TIME_LIMIT,v0,820.278,1390014,20675,0,1,824.002800,820.278400,820.278400,820.278400,820.278400,820.278400,820.278400,820.278400,820.278400
25,5,4,45,2169.9,1046.53,1046.53,1046.540000,1036.090000,OPTIMAL,v0,1046.53,1306263,44980,0,1,1049.567600,1046.526800,1046.526800,1046.526800,1046.526800,1046.526800,1046.526800,1046.526800,1046.526800
25,5,5,45,1065.7,932.37,932.37,934.058000,760.541000,TIME_LIMIT,v0,932.37,1155818,41489,0,1,933.040800,933.040800,933.040800,932.370000,932.370000,932.370000,932.370000,932.370000,932.370000
30,6,1,45,3646.04,1513.32,1513.32,1525.490000,1303.670000,TIME_LIMIT,v0,1513.32,1055569,50000,0,1,1520.738000,1520.738000,1520.535200,1517.516000,1516.436800,1513.318800,1513.318800,1513.318800,1513.318800
30,6,2,45,2051.52,932.728,932.728,952.723000,810.593000,TIME_LIMIT,v0,932.728,803491,37575,0,1,934.062400,934.062400,933.897200,933.897200,933.847600,933.284400,932.727600,932.727600,932.727600
30,6,3,45,1177.43,1061.38,1061.38,1082.380000,888.207000,TIME_LIMIT,v0,1061.38,1068663,34935,0,1,1064.598000,1061.616400,1061.616400,1061.376000,1061.376000,1061.376000,1061.376000,1061.376000,1061.376000
30,6,4,45,3203.59,1169.96,1169.96,1192.860000,1052.930000,TIME_LIMIT,v0,1169.96,920566,50000,0,1,1181.028800,1176.986400,1175.511600,1175.511600,1170.569600,1169.957200,1169.957200,1169.957200,1169.957200
30,6,5,45,5071.88,1182.24,1182.24,1199.780000,1034.450000,TIME_LIMIT,v0,1182.24,1162300,37772,0,1,1186.736400,1182.237600,1182.237600,1182.237600,1182.237600,1182.237600,1182.237600,1182.237600,1182.237600
40,8,1,45,4914.15,2097.45,2097.45,4054.040000,1602.650000,TIME_LIMIT,v0,2097.45,713941,50000,-9.9172,1,2145.699200,2099.980800,2099.980800,2099.980800,2099.980800,2097.450400,2097.450400,2097.450400,2097.450400
40,8,2,45,4521.61,1311.43,1311.43,1385.720000,937.855000,TIME_LIMIT,v0,1311.43,563632,50000,0,1,1348.179600,1325.008400,1325.008400,1325.008400,1319.150400,1319.150400,1316.626000,1311.428400,1311.428400
40,8,3,45,3321.34,1314.57,1314.57,1455.570000,1126.300000,TIME_LIMIT,v0,1314.57,643609,50000,0,1,1423.589600,1386.211200,1365.090000,1321.697200,1321.697200,1321.697200,1315.376400,1314.586000,1314.566000
40,8,4,45,4671.79,1471.85,1471.85,1608.370000,1299.590000,TIME_LIMIT,v0,1471.85,566531,50000,-0.384,1,1496.250800,1496.250800,1488.812000,1488.812000,1478.784800,1477.252800,1474.182400,1471.852400,1471.852400
40,8,5,45,5778.69,1568.77,1568.77,2678.170000,1178.440000,TIME_LIMIT,v0,1568.77,653228,50001,0,1,1592.976400,1592.976400,1582.461200,1582.461200,1578.992000,1573.956400,1570.194400,1568.771600,1568.771600
60,12,1,45,4914.32,2469.83,2466.5,3816.407600,1894.551217,TIME_LIMIT,new,2466.5,254940,50001,-6.01,1,2733.654000,2672.347200,2672.347200,2588.546800,2505.586800,2488.169600,2472.935200,2469.827200,2469.827200
60,12,2,45,5518.06,1998.77,1998.2,2172.567600,1098.280492,TIME_LIMIT,new,1998.2,273381,50003,-5.9236,1,2065.893200,2053.675600,2027.407200,2027.407200,2027.407200,2018.760000,2009.848800,1998.817200,1998.770800
60,12,3,45,3077.54,1632.61,1632.61,2938.856400,1053.961979,TIME_LIMIT,new,1632.61,278068,50000,0,1,1761.572400,1687.312800,1687.312800,1687.312800,1672.990000,1652.622400,1650.494800,1632.614800,1632.614800
60,12,4,45,3574.05,1759.04,1762.12,,,,,1759.04,222558,50006,-10.8932,1,1835.083200,1820.986400,1820.986400,1820.986400,1809.291200,1777.960400,1777.960400,1759.594400,1759.039200
60,12,5,45,4250.39,1855.79,1859.41,,,,,1855.79,277319,50004,0,1,1971.448000,1971.448000,1897.000800,1897.000800,1888.362000,1862.426800,1858.488400,1858.488400,1855.793600
70,14,1,45,3394.95,2639.26,2658.9,,,,,2639.26,193401,50006,-34.8044,1,2755.082000,2755.082000,2693.989200,2693.989200,2693.989200,2693.989200,2656.166000,2639.263200,2639.263200
70,14,2,45,3346.39,2122.22,2122.4,,,,,2122.22,216021,50003,-1.4308,1,2215.528000,2177.845600,2177.845600,2177.845600,2162.078800,2156.483200,2137.517600,2122.222000,2122.222000
70,14,3,45,6146.84,1780.54,1780.5,,,,,1780.5,208547,50003,0,1,1993.356800,1833.248000,1833.248000,1794.967200,1793.480800,1793.480800,1785.375200,1781.490000,1780.539200
70,14,4,45,4217.41,2151.15,2150.03,,,,,2150.03,196672,50007,-0.046,1,2394.363600,2245.641200,2245.641200,2245.641200,2206.766800,2192.479600,2174.262000,2151.615200,2151.145600
70,14,5,45,6731.68,2249.73,2247.43,,,,,2247.43,207324,50008,0,1,2505.903200,2413.391200,2402.090000,2402.090000,2302.446400,2302.446400,2272.263200,2250.116800,2249.734000
80,16,1,45,6627.41,3389.26,3380.01,6626.967200,2349.140794,TIME_LIMIT,new,3380.01,166756,50006,-0.7764,1,3837.257200,3496.123200,3496.123200,3471.885600,3466.694000,3438.154000,3438.154000,3389.260000,3389.260000
80,16,2,45,8751.27,2553.29,2551.7,8743.541200,1206.961290,TIME_LIMIT,new,2551.7,170786,50008,0,1,2847.570400,2736.247200,2736.247200,2708.499600,2708.499600,2672.994000,2585.658000,2553.289600,2553.289600
80,16,3,45,2664,1955.09,1963.19,2610.298400,1221.632432,TIME_LIMIT,new,1955.09,155803,50006,-4.1568,1,2184.294800,2063.708800,2055.704400,2041.332400,1988.042000,1979.072400,1979.072400,1955.087600,1955.087600
80,16,4,45,9304.61,2553.82,2569.59,,,,,2553.82,152275,50009,-2.1252,1,2695.816000,2656.248400,2606.694400,2606.694400,2579.856400,2579.856400,2579.856400,2553.822000,2553.822000
80,16,5,45,5133.56,2479.45,2401.69,,,,,2401.69,160227,50010,-76.4884,1,2656.544400,2656.544400,2656.544400,2635.727200,2544.599200,2519.314000,2509.097200,2479.448800,2479.448800
100,20,1,45,11215,4294.5,4291.43,,,,,4291.43,98554,50010,-9.1776,1,4829.577600,4542.397600,4542.397600,4542.397600,4416.586800,4416.586800,4366.848400,4309.572000,4294.504400
100,20,2,45,5370.77,2938.49,2931.27,,,,,2931.27,83495,50014,-5.1992,1,3509.416000,3076.054400,3076.054400,3076.054400,3035.859200,2984.554000,2984.554000,2938.492400,2938.492400
100,20,3,45,7380.53,2570.63,2592.5,,,,,2570.63,87832,50010,-13.514,1,3192.465200,2853.668000,2791.310400,2705.305200,2705.305200,2635.015600,2635.015600,2589.493600,2570.627600
100,20,4,45,9294.14,3288.92,3301.41,,,,,3288.92,105217,50013,0,1,3828.196000,3526.284400,3526.284400,3514.762800,3411.557600,3387.950000,3367.758400,3292.481600,3288.917600
100,20,5,45,4701.25,2931.85,2931.51,,,,,2931.51,104231,50015,0,1,3323.079600,3201.371200,3008.436400,3008.436400,3008.436400,3008.436400,2966.200000,2935.808400,2931.853200
