seed,solver,plan_cost,duties,truth_late,truth_illegal,mc_duties,mc_late,mc_illegal,mc_either,mc_late_stops,mc_stops,mc_mean_overrun_min
1,baseline,6869.46,20,7,5,4000,1297,688,1535,1388,17600,22.0293
1,alns,4216.16,17,8,6,3400,1355,847,1711,1826,17800,25.9618
1,milp,4363.85,17,8,4,3400,1358,628,1615,1648,17800,25.5441
2,baseline,4979.23,19,2,3,3800,547,549,881,671,17600,23.6842
2,alns,3488.91,17,3,5,3400,543,1183,1293,661,17600,26.4653
2,milp,3491.16,17,3,3,3400,545,894,1037,668,17600,26.4729
3,baseline,5182.06,20,5,3,4000,1109,524,1329,1273,18600,26.398
3,alns,3680.81,20,6,3,4000,1461,498,1584,1801,18800,26.6713
3,milp,3908.26,20,6,7,4000,1143,978,1704,1192,18800,26.2602
4,baseline,7804.49,20,5,3,4000,894,370,1023,1063,16400,19.1253
4,alns,5273.82,17,8,3,3400,1032,686,1188,1194,16600,22.8941
4,milp,4105.11,17,7,6,3400,1006,1078,1481,1094,16800,22.8188
5,baseline,10640.1,20,3,5,4000,687,652,1014,806,17800,25.6968
5,alns,5975.69,20,5,1,4000,1226,357,1378,1487,18400,26.0005
5,milp,4899.85,20,4,1,4000,1312,405,1524,1499,18600,26.5835
