seed,solver,rules,cost,postponements,unserved_end,paid_min,duties,full,short,split
1,alns,V0,4216.16,1,0,5969,17,14,0,0
1,alns,V1,4184.48,0,0,6116,18,11,0,1
1,milp,V0,4357.43,1,0,6022,17,14,0,0
1,milp,V1,4204.38,1,0,6036,17,6,4,4
2,alns,V0,3488.91,0,0,5445,17,6,0,0
2,alns,V1,3488.91,0,0,5445,17,6,0,0
2,milp,V0,3491.16,0,0,5446,17,9,0,0
2,milp,V1,3507.03,0,0,5459,17,5,2,3
3,alns,V0,3680.81,0,0,6110,20,8,0,0
3,alns,V1,3794.89,1,0,6077,20,4,2,1
3,milp,V0,3812.35,1,0,6141,20,6,0,0
3,milp,V1,3797.48,1,0,6069,20,2,2,1
4,alns,V0,5273.82,3,1,5559,17,6,0,0
4,alns,V1,4115.01,0,0,5728,17,9,0,1
4,milp,V0,4105.11,0,0,5777,17,7,0,0
4,milp,V1,4104.82,0,0,5749,17,5,1,3
5,alns,V0,5975.69,6,1,6234,20,9,0,0
5,alns,V1,5974.46,6,1,6231,20,9,0,1
5,milp,V0,5992.1,6,1,6219,20,9,0,0
5,milp,V1,5974.54,6,1,6231,20,2,5,4
