n,K,seed,alns,cg_ub,cg_lb,lp,bound_valid,ng,converged,iterations,columns,runtime_s,milp,milp_bound,alns_gap_cg,alns_gap_milp,legal
8,2,1,693.129,693.129,693.129,693.129,1,8,1,3,275,0.0059416,693.129,686.443,1.6402e-14,0.96464,1
8,2,2,611.207,611.207,611.207,611.207,1,8,1,6,106,0.0038694,611.207,611.207,5.58012e-14,-3.27221e-05,1
8,2,3,535.637,535.637,514.259,514.259,1,8,1,3,211,0.0059973,535.637,535.637,3.99113,3.73387e-05,1
8,2,4,440.373,440.373,440.373,440.373,1,8,1,4,244,0.0073074,440.373,435.995,1.2908e-14,0.994202,1
8,2,5,416.523,416.523,416.523,416.523,1,8,1,3,72,0.0025043,416.523,412.368,2.72942e-14,0.997591,1
10,2,1,1762.32,1762.32,1762.32,1762.32,1,8,1,4,106,0.0047302,1762.32,1762.32,2.5804e-14,-0.000204277,1
10,2,2,626.882,626.882,626.882,626.882,1,8,1,8,206,0.0251734,626.882,626.882,-3.62706e-14,1.81353e-14,1
10,2,3,2413.42,2413.42,1990.28,1990.28,1,8,1,2,258,0.0077032,2413.42,2391.07,17.5329,0.926105,1
10,2,4,1559.28,1559.28,1294.03,1294.03,1,8,1,2,232,0.0076734,1559.71,1544.94,17.0111,0.919808,1
10,2,5,533.808,533.808,482.679,482.679,1,8,1,5,341,0.0144941,533.808,533.808,9.57817,-7.49334e-05,1
12,3,1,858.968,858.968,858.968,858.968,1,8,1,5,343,0.0102798,858.968,858.968,6.61764e-14,0,1
12,3,2,866.485,866.485,866.485,866.485,1,8,1,7,245,0.0109451,866.485,866.485,1.31205e-14,-2.30818e-05,1
12,3,3,626.373,626.373,548.231,548.231,1,8,1,1,713,0.0106365,626.373,622.294,12.4753,0.651178,1
12,3,4,606.666,606.666,568.05,568.05,1,8,1,5,1440,0.181564,606.666,606.666,6.36521,-6.59342e-05,1
12,3,5,521.025,521.025,490.166,490.166,1,8,1,2,330,0.0065792,522.512,517.29,5.92269,0.716818,1
15,3,1,1956.33,1956.33,1364.4,1364.4,1,8,1,3,1333,0.0320593,1956.33,1398.44,30.2571,28.517,1
15,3,2,875.076,875.076,875.076,875.076,1,8,1,3,1370,0.0619899,875.076,872.086,2.59833e-13,0.341639,1
15,3,3,613.748,613.748,557.966,598.091,1,8,1,3,2424,0.0661431,613.748,609.847,9.08883,0.635668,1
15,3,4,644.412,644.412,644.412,644.412,1,8,1,4,1894,0.106565,646.282,640.524,1.76419e-14,0.603341,1
15,3,5,564.829,564.829,546.71,546.71,1,8,1,2,3967,0.107637,565.429,562.183,3.20789,0.468425,1
20,4,1,1031.69,1031.69,895.249,895.249,1,8,1,2,17832,0.463716,1033.17,875.81,13.2253,15.1095,1
20,4,2,1934.4,1934.4,1713.8,1908.96,1,8,1,2,12084,0.269061,1935.82,1922.96,11.4045,0.591603,1
20,4,3,1722.63,1722.63,904.502,1722.63,1,8,1,3,9422,0.150604,1722.63,1706.05,47.4928,0.962229,1
20,4,4,845.745,845.745,749.376,785.227,1,8,1,8,6344,0.601979,845.745,837.49,11.3946,0.976086,1
20,4,5,922.582,922.582,855.668,855.668,1,9,1,2,11070,0.857049,922.582,913.387,7.25289,0.996616,1
25,5,1,1448.29,1448.29,1298.39,1298.39,1,8,1,1,27082,12.0047,1448.75,1155.04,10.3504,20.2482,1
25,5,2,824.61,824.61,793.876,793.876,1,9,1,1,50000,2.94372,829.73,738.543,3.7271,10.4373,1
25,5,3,820.278,820.278,735.728,735.728,1,8,1,1,23794,0.411808,820.278,779.989,10.3075,4.91167,1
25,5,4,1046.53,1046.53,897.936,897.936,1,9,1,2,50020,35.0733,1046.54,1036.09,14.1985,0.99728,1
25,5,5,932.37,932.37,769.303,769.303,1,9,1,1,50000,34.1657,934.058,760.541,17.4895,18.4293,1
30,6,1,1513.32,1513.32,1344.56,1344.56,1,9,1,1,50000,19.0116,1525.49,1303.67,11.1515,13.8536,1
30,6,2,933.284,932.728,822.453,822.453,1,11,1,6,50131,24.4755,952.723,810.593,11.8754,13.1462,1
30,6,3,1061.38,1061.38,878.333,878.333,1,9,1,2,48943,31.9679,1082.38,888.207,17.2458,16.3155,1
30,6,4,1169.96,1169.96,1089.35,1089.35,1,12,1,4,50035,23.5541,1192.86,1052.93,6.88979,10.0027,1
30,6,5,1182.24,1182.24,1096.62,1096.62,1,10,1,5,48319,5.69537,1199.78,1034.45,7.24179,12.5007,1
40,8,1,2099.34,2097.45,1915.37,1915.37,1,9,1,2,50002,2.60602,4054.04,1602.65,8.76326,23.6593,1
40,8,2,1311.43,1311.43,1194.97,1194.97,1,10,1,6,50028,47.0857,1385.72,937.855,8.88047,28.486,1
40,8,3,1314.57,1314.57,1242.13,1242.13,1,9,1,3,50034,16.611,1455.57,1126.3,5.50993,14.3215,1
40,8,4,1473.12,1471.85,1297.86,1297.86,1,12,1,5,50081,70.323,1608.37,1299.59,11.8969,11.7797,1
40,8,5,1568.77,1568.77,1466.61,1466.61,1,14,1,5,50157,9.05004,2678.17,1178.44,6.51204,24.8814,1
60,12,1,2469.61,2468.92,2316.6,2318.88,1,12,0,2,50113,178.72,3816.41,1894.55,6.19581,23.2855,1
60,12,2,1994.81,1994.68,nan,1752.9,0,8,0,2,50007,210.482,2172.57,1098.28,nan,44.9431,1
60,12,3,1632.61,1632.61,1521.2,1521.2,1,13,1,6,50128,120.506,2938.86,1053.96,6.82452,35.4433,1
60,12,4,1748.71,1747.89,nan,1602.34,0,8,0,1,50005,210.246,nan,nan,nan,nan,1
60,12,5,1859.83,1857.06,1718.73,1718.73,1,14,1,7,50581,149.157,nan,nan,7.58662,nan,1
70,14,1,2639.73,2639.26,2419.69,2419.69,1,12,1,4,50125,105.688,nan,nan,8.33566,nan,1
70,14,2,2124.53,2124.53,1963.04,1963.04,1,15,1,6,50379,107.817,nan,nan,7.60131,nan,1
70,14,3,1780.42,1780.42,1697.28,1697.28,1,12,1,5,50184,91.749,nan,nan,4.66945,nan,1
70,14,4,2176.42,2161.68,2017.37,2026.25,1,13,0,3,50320,177.523,nan,nan,7.30797,nan,1
70,14,5,2242.52,2242.5,2121.49,2130.11,1,14,0,4,50332,170.294,nan,nan,5.39675,nan,1
80,16,1,3381.91,3381.91,3091.2,3100.82,1,15,0,6,50391,157.325,6626.97,2349.14,8.59582,30.538,1
80,16,2,2551.35,2551.35,2452.02,2464.85,1,14,0,3,50438,155.582,8743.54,1206.96,3.89343,52.6933,1
80,16,3,1969.67,1967.32,1758.49,1809.5,1,16,0,1,50122,150.085,2610.3,1221.63,10.7214,37.9778,1
80,16,4,2564.86,2564.86,nan,2346.67,0,8,0,1,50008,211.093,nan,nan,nan,nan,1
80,16,5,2476.85,2395.69,nan,2329.46,0,8,0,1,50008,210.171,nan,nan,nan,nan,1
100,20,1,4292.31,4292.21,4025.18,4070.57,1,11,0,2,50305,169.705,nan,nan,6.22365,nan,1
100,20,2,2924.2,2924.2,2630.11,2748.14,1,13,0,1,50044,195.236,nan,nan,10.0571,nan,1
100,20,3,2547.73,2547.43,2350.01,2399.95,1,14,0,2,50248,210.188,nan,nan,7.7606,nan,1
100,20,4,3297.09,3296.47,nan,3154.35,0,8,0,1,50012,210.188,nan,nan,nan,nan,1
100,20,5,2927.13,2927.13,nan,2823,0,8,0,1,50015,210.425,nan,nan,nan,nan,1
