n,K,seed,attempt,status,source,runtime_s,gap,nodes,objective,best_bound,baseline,vars,constrs,nz,presolved_vars,presolved_constrs,presolved_nz,binaries,arcs,arcs_full,cuts,legal
8,2,1,0,OPTIMAL,milp,0.122,0.00964669,1,693.129,686.443,910.851,188,380,3028,177,347,4484,160,136,146,41,1
8,2,2,0,OPTIMAL,milp,0.266,0,240,611.207,611.207,613.86,153,346,2385,145,315,3416,125,103,146,72,1
8,2,3,0,OPTIMAL,milp,0.332,0,83,535.637,535.637,702.195,177,383,2863,172,353,4307,149,126,146,52,1
8,2,4,0,OPTIMAL,milp,0.116,0.00994228,1,440.373,435.995,440.373,196,400,3214,192,369,4852,168,144,146,74,1
8,2,5,0,OPTIMAL,milp,0.0449998,0.00997583,1,416.523,412.368,416.523,173,375,2775,168,344,4160,145,122,146,33,1
10,2,1,0,OPTIMAL,milp,0.733,0,3197,1762.32,1762.32,1858.43,230,459,3726,223,427,6095,198,168,222,490,1
10,2,2,0,OPTIMAL,milp,0.54,0,748,626.882,626.882,626.882,225,491,3746,219,454,6117,193,165,222,194,1
10,2,3,0,OPTIMAL,milp,0.135,0.00926117,1,2413.42,2391.07,2413.42,250,528,4243,241,491,7281,218,189,222,123,1
10,2,4,0,OPTIMAL,milp,0.394,0.00947226,5,1559.71,1544.94,2452.7,234,515,3957,226,478,6596,202,174,222,110,1
10,2,5,0,OPTIMAL,milp,0.278,0,288,533.808,533.808,545.232,247,520,4171,243,486,6841,215,186,222,122,1
12,3,1,0,OPTIMAL,milp,0.621,0,695,858.968,858.968,1914.78,474,767,8109,437,716,13078,432,384,471,403,1
12,3,2,0,OPTIMAL,milp,0.795,0,2346,866.485,866.485,2746.21,349,724,5989,337,673,10295,307,267,471,322,1
12,3,3,0,OPTIMAL,milp,1.643,0.00651178,4197,626.373,622.294,626.373,487,826,8512,472,770,14526,445,399,471,740,1
12,3,4,0,OPTIMAL,milp,5.83,0,14454,606.666,606.666,606.666,525,828,9132,508,773,15646,483,435,471,773,1
12,3,5,0,OPTIMAL,milp,0.251,0.00999254,1,522.512,517.29,538.306,458,782,7896,433,727,13164,416,370,471,208,1
15,3,1,0,TIME_LIMIT,milp,300.138,0.285169,179815,1956.33,1398.44,3784.57,672,1033,11748,637,999,17525,624,564,723,3049,1
15,3,2,0,OPTIMAL,milp,5.942,0.00341666,5438,875.076,872.086,1784.08,591,1073,10571,579,1016,18086,543,489,723,1183,1
15,3,3,0,OPTIMAL,milp,4.56,0.00635605,7516,613.748,609.847,1721.42,695,1179,12605,706,1132,21177,647,591,723,598,1
15,3,4,0,OPTIMAL,milp,0.815,0.00890914,180,646.282,640.524,647.332,684,1167,12378,676,1112,21086,636,580,723,376,1
15,3,5,0,OPTIMAL,milp,0.564,0.00574042,1,565.429,562.183,573.366,696,1121,12424,681,1063,21099,648,590,723,289,1
20,4,1,0,TIME_LIMIT,milp,300.071,0.152309,218951,1033.17,875.81,3258.37,1476,1824,26434,1447,1734,20999,1412,1312,1684,4432,1
20,4,2,0,OPTIMAL,milp,1.828,0.00664312,75,1935.82,1922.96,3783.78,1284,1918,23637,1278,1827,20246,1220,1132,1684,817,1
20,4,3,0,OPTIMAL,milp,3.254,0.00962399,1635,1722.63,1706.05,1727.38,1358,2022,25215,1352,1929,21626,1294,1206,1684,1257,1
20,4,4,0,OPTIMAL,milp,190.527,0.00976078,156448,845.745,837.49,2022.4,1318,1982,24392,1312,1887,20897,1254,1166,1684,2293,1
20,4,5,0,OPTIMAL,milp,101.9,0.00996657,93587,922.582,913.387,2711.23,1430,1920,26046,1379,1820,21666,1366,1272,1684,4807,1
25,5,1,0,TIME_LIMIT,milp,300.071,0.202735,53616,1448.75,1155.04,3292.37,2580,2703,46384,2558,2567,37275,2500,2350,3255,18313,1
25,5,2,0,TIME_LIMIT,milp,300.258,0.109899,38826,829.73,738.543,3342.46,2736,3017,50229,2736,2876,41019,2656,2515,3255,11796,1
25,5,3,0,TIME_LIMIT,milp,300.196,0.0491165,51297,820.278,779.989,975.171,3047,3216,56211,3047,3070,46027,2967,2823,3255,6924,1
25,5,4,0,OPTIMAL,milp,261.753,0.00997822,127859,1046.54,1036.09,2169.9,2578,3055,47756,2578,2918,39105,2498,2363,3255,6731,1
25,5,5,0,TIME_LIMIT,milp,300.342,0.185767,69287,934.058,760.541,1065.7,2702,3090,49954,2702,2949,40878,2622,2484,3255,9299,1
30,6,1,0,TIME_LIMIT,milp,300.239,0.145408,41109,1525.49,1303.67,3646.04,4272,3918,77426,4272,3723,63063,4176,3970,5586,18229,1
30,6,2,0,TIME_LIMIT,milp,300.61,0.149183,35758,952.723,810.593,2051.52,4168,4311,77398,4168,4120,63465,4072,3886,5586,12593,1
30,6,3,0,TIME_LIMIT,milp,300.286,0.179393,33961,1082.38,888.207,1177.43,4704,4487,87130,4704,4290,71555,4608,4414,5586,17743,1
30,6,4,0,TIME_LIMIT,milp,300.456,0.117307,34628,1192.86,1052.93,3203.59,4460,4443,82852,4460,4252,67992,4364,4174,5586,12689,1
30,6,5,0,TIME_LIMIT,milp,300.409,0.137797,34636,1199.78,1034.45,5071.88,3998,4279,74478,3998,4099,61171,3902,3720,5586,11020,1
40,8,1,0,TIME_LIMIT,milp,300.284,0.60468,4502,4054.04,1602.65,4914.15,9218,7112,169400,9218,6785,139109,9090,8760,13128,42051,1
40,8,2,0,TIME_LIMIT,milp,300.265,0.3232,6379,1385.72,937.855,4521.61,11240,7692,205866,11240,7339,169091,11112,10764,13128,29255,1
40,8,3,0,TIME_LIMIT,milp,300.197,0.226214,5265,1455.57,1126.3,3321.34,10816,8036,200646,10816,7700,165432,10688,10358,13128,54784,1
40,8,4,0,TIME_LIMIT,milp,300.103,0.191984,6629,1608.37,1299.59,4671.79,9674,7710,179786,9674,7387,147971,9546,9228,13128,36607,1
40,8,5,0,TIME_LIMIT,milp,300.229,0.559985,10538,2678.17,1178.44,5778.69,9912,7826,184606,9912,7510,152104,9784,9466,13128,36928,1
